{"train_step": 40999, "train/loss": 0.01033992674201727, "train/max_gradient": 0.004161804546602071, "train/max_stem_gradient": 0.004084533439017832, "train/max_trunk_gradient": 0.0, "train/max_head_gradient": 0.002699929606169462, "train/mean_stem_param": 0.03733168753898806, "train/mean_trunk_param": 0.15361355465886717, "train/mean_head_param": 0.17083692593267188, "train/step_time": 0.19044134140014649, "train/data_time": 0.32413086891174314, "train/epoch": 998.82, "train/mean_param": 0.16719243609350268, "train/lr": 9.990244750200539e-05, "train/Robotwin_loss": 0.01033992674201727, "_timestamp": 1756739999.0339952, "_runtime": 22283.796314239502, "_step": 41099, "validate/epoch": 990, "validate/Robotwin_test_loss": 0.012650273316963152, "_wandb": {"runtime": 22287}}