{"train_step": 47999, "train/loss": 0.013312604948878289, "train/max_gradient": 0.004675104538910091, "train/max_stem_gradient": 0.004464188502170146, "train/max_trunk_gradient": 0.0, "train/max_head_gradient": 0.0037438386725261808, "train/mean_stem_param": 0.037467945632524785, "train/mean_trunk_param": 0.15361355465886717, "train/mean_head_param": 0.16647164771333336, "train/step_time": 0.10493058204650879, "train/data_time": 0.1779647397994995, "train/epoch": 998.96, "train/mean_param": 0.1756544101468219, "train/lr": 9.986530785296454e-05, "train/Robotwin_loss": 0.013312604948878289, "_timestamp": 1756551726.999097, "_runtime": 13278.921251058578, "_step": 48099, "validate/epoch": 990, "validate/Robotwin_test_loss": 0.024353875645569394, "_wandb": {"runtime": 13261}}