{"train_step": 47999, "train/loss": 0.012723397761583329, "train/max_gradient": 0.00537912979722023, "train/max_stem_gradient": 0.005320640155114234, "train/max_trunk_gradient": 0.0, "train/max_head_gradient": 0.0033326247753575444, "train/mean_stem_param": 0.03658866890602642, "train/mean_trunk_param": 0.15361133969521945, "train/mean_head_param": 0.16461072830716147, "train/step_time": 0.09464801788330078, "train/data_time": 0.15548393726348878, "train/epoch": 998.96, "train/mean_param": 0.17559163887836193, "train/lr": 9.986530785296454e-05, "train/Robotwin_loss": 0.012723397761583329, "_timestamp": 1756474097.219244, "_runtime": 13523.332678079605, "_step": 48099, "validate/epoch": 990, "validate/Robotwin_test_loss": 0.021806987800768445, "_wandb": {"runtime": 13513}}