{"train_step": 581, "train/loss": 0.2177723056077957, "train/max_gradient": 0.017198091112077235, "train/max_stem_gradient": 0.006492516999132931, "train/max_trunk_gradient": 0.0, "train/max_head_gradient": 0.017198091112077235, "train/mean_stem_param": 0.0258949276888355, "train/mean_trunk_param": 0.15361355465886717, "train/mean_head_param": 0.1501424965824117, "train/step_time": 0.18438466548919677, "train/data_time": 0.3928214406967163, "train/epoch": 13.14, "train/mean_param": 0.1664313354539436, "train/lr": 5.5650000000000004e-05, "train/Robotwin_loss": 0.2177723056077957, "_timestamp": 1756889481.7196834, "_runtime": 335.1769664287567, "_step": 583, "validate/epoch": 10, "validate/Robotwin_test_loss": 0.18901964209296487, "_wandb": {"runtime": 316}}