{"train_step": 291, "train/loss": 0.3955637836456299, "train/max_gradient": 0.017066903691738845, "train/max_stem_gradient": 0.006539866663515568, "train/max_trunk_gradient": 0.0, "train/max_head_gradient": 0.017066903691738845, "train/mean_stem_param": 0.025749934101024538, "train/mean_trunk_param": 0.15361355465886717, "train/mean_head_param": 0.14843619823775953, "train/step_time": 0.1839880132675171, "train/data_time": 0.35041351795196535, "train/epoch": 6.02, "train/mean_param": 0.16639801522579234, "train/lr": 2.6649999999999997e-05, "train/Robotwin_loss": 0.3955637836456299, "_timestamp": 1756889727.9098542, "_runtime": 165.64769506454468, "_step": 292, "validate/epoch": 0, "validate/Robotwin_test_loss": 0.6464019471948798, "_wandb": {"runtime": 163}}